Cluster,Jumlah_Pelanggan,Recency,Frequency,Monetary
0,194,10.75257731958763,28.510309278350515,12168.26469072165
1,1077,248.92757660167132,1.8059424326833797,455.1107158774373
2,11,5.090909090909091,109.9090909090909,124312.30636363638
3,3090,42.78090614886732,4.3705501618122975,1320.9815058252427
